iter	Huber:delta=1.0
0	0.1951321548
1	0.1801716557
2	0.1638254212
3	0.1515310524
4	0.1431810932
5	0.1353556651
6	0.1277065898
7	0.1198808436
8	0.1138936849
9	0.1079679059
10	0.1023682545
11	0.09728817139
12	0.09232699453
13	0.08768398302
14	0.08330780131
15	0.07907021815
16	0.07485029934
17	0.07122455925
18	0.06773673973
19	0.06440446383
20	0.06137499634
21	0.05839695654
22	0.05549416245
23	0.0528221333
24	0.05022972244
25	0.04777169294
26	0.04547719727
27	0.04342308256
28	0.04142923667
29	0.03940691263
30	0.03753815895
31	0.0358730781
32	0.03424022266
33	0.03262232837
34	0.03118059901
35	0.02971032586
36	0.0283693221
37	0.02715931107
38	0.02587143474
39	0.02470017101
40	0.02371442865
41	0.02271696102
42	0.02185199265
43	0.02099997815
44	0.0201017657
45	0.01927094364
46	0.01850136362
47	0.01772491705
48	0.01702129864
49	0.0163369275
50	0.01564725563
51	0.01508712238
52	0.01456550098
53	0.01406419294
54	0.01356832776
55	0.01311745594
56	0.01262948524
57	0.0122398898
58	0.01182380237
59	0.01142371766
60	0.01102587009
61	0.01070478034
62	0.01032009367
63	0.01004821086
64	0.009720612982
65	0.009437297769
66	0.009122822001
67	0.008828904376
68	0.008609291651
69	0.008392772087
70	0.008141295753
71	0.007881805879
72	0.007672398726
73	0.007484008583
74	0.007297952626
75	0.007101090918
76	0.006937961779
77	0.006743009794
78	0.006588302497
79	0.006443373145
80	0.00630210739
81	0.006171144615
82	0.00602237001
83	0.005890237696
84	0.005760018901
85	0.005651902216
86	0.005533756837
87	0.005436130857
88	0.005331737226
89	0.00521023733
90	0.005090486792
91	0.004980189496
92	0.00488931834
93	0.00480779837
94	0.004711439075
95	0.004626483863
96	0.004553116664
97	0.004467672246
98	0.00437934647
99	0.004295265563
100	0.004226732903
101	0.004143734183
102	0.004068032732
103	0.004009695916
104	0.003948146149
105	0.003897520922
106	0.003821092128
107	0.003760103477
108	0.003686382758
109	0.003636437242
110	0.003568084976
111	0.003525252042
112	0.003473427985
113	0.003426558702
114	0.003373659901
115	0.003328345904
116	0.00328553763
117	0.003248515015
118	0.003215496533
119	0.003177671968
120	0.003134750171
121	0.003093474417
122	0.003051541762
123	0.003019508198
124	0.002990011912
125	0.002960929839
126	0.00292673712
127	0.00288543056
128	0.002856149657
129	0.002821819481
130	0.002792271593
131	0.002769219588
132	0.002735718501
133	0.002693048861
134	0.00266478702
135	0.002640526458
136	0.002612236378
137	0.002582919793
138	0.002553526018
139	0.002535051845
140	0.002505137292
141	0.002480894822
142	0.002454520614
143	0.002434118089
144	0.002416060483
145	0.002389777096
146	0.002373897234
147	0.002360049298
148	0.002344489826
149	0.002328190774
150	0.00230535362
151	0.002289058742
152	0.002264640783
153	0.002253799106
154	0.002235317837
155	0.002213267911
156	0.002196672578
157	0.002174304484
158	0.002161270361
159	0.002141201791
160	0.002119293439
161	0.002108557994
162	0.002092329626
163	0.002074489638
164	0.002058978614
165	0.002046234053
166	0.002034913014
167	0.002017570536
168	0.002003200047
169	0.001990633096
170	0.00198105266
171	0.001968867256
172	0.001958763283
173	0.001947474817
174	0.0019321105
175	0.001917555608
176	0.001909121385
177	0.001898208074
178	0.00188686282
179	0.001875304602
180	0.00186163427
181	0.001855098629
182	0.001846666264
183	0.001830559732
184	0.001820736994
185	0.001812417303
186	0.001800941696
187	0.00178801363
188	0.001779415395
189	0.001771841746
190	0.001763166101
191	0.00175417471
192	0.001743325164
193	0.001734727832
194	0.001726627189
195	0.001720532869
196	0.001714243354
197	0.001706572677
198	0.001697761499
199	0.001690249705
200	0.001684164608
201	0.001676920418
202	0.001670288975
203	0.001666678145
204	0.001658833864
205	0.001653654574
206	0.001645821289
207	0.001641005421
208	0.001629136823
209	0.001622668804
210	0.001615081772
211	0.001607878583
212	0.001602917524
213	0.001594594103
214	0.001585384267
215	0.001581161236
216	0.001573137067
217	0.001567315594
218	0.001559861462
219	0.001551334406
220	0.0015464227
221	0.001538572011
222	0.0015330802
223	0.001527928613
224	0.001524490299
225	0.001519495146
226	0.001510668712
227	0.001501424138
228	0.001491462886
229	0.001487318785
230	0.001480629845
231	0.00147821686
232	0.001471084059
233	0.001465439788
234	0.001458998143
235	0.001453425447
236	0.00144878438
237	0.001446138143
238	0.001439684127
239	0.001435776334
240	0.001431791208
241	0.001426718551
242	0.001423659501
243	0.001416658444
244	0.001407713703
245	0.001402939051
246	0.001397713792
247	0.001393299255
248	0.001389743389
249	0.001385756861
250	0.001381661679
251	0.001375602825
252	0.001368515864
253	0.001361105307
254	0.001357227728
255	0.001355450388
256	0.001351762329
257	0.001348838412
258	0.001341177278
259	0.001337888915
260	0.001334447721
261	0.001330266218
262	0.001323696305
263	0.001320699493
264	0.001316410061
265	0.001313296877
266	0.001310114156
267	0.001305906543
268	0.001304030586
269	0.001300883953
270	0.001297389795
271	0.001292546697
272	0.001286901599
273	0.001283594813
274	0.001280353457
275	0.001275355772
276	0.001270119476
277	0.001266498349
278	0.001263780272
279	0.001260016161
280	0.001256876342
281	0.001255054412
282	0.001252726771
283	0.00124977239
284	0.001245937021
285	0.00124383198
286	0.001240732564
287	0.001237925946
288	0.001233103754
289	0.001228508921
290	0.001226923925
291	0.001223278337
292	0.0012209267
293	0.001219805334
294	0.001218328355
295	0.001216883058
296	0.001212732603
297	0.001208454322
298	0.001204674794
299	0.001199639948
300	0.001195988432
301	0.00119302832
302	0.001191584806
303	0.001188511277
304	0.001184823264
305	0.00117980792
306	0.001177051726
307	0.001173974123
308	0.001169670557
309	0.001165836442
310	0.001162051021
311	0.001159288727
312	0.001156647228
313	0.001153407332
314	0.001150220243
315	0.00114796507
316	0.001145819527
317	0.001143169207
318	0.001139712532
319	0.001136765308
320	0.001134537124
321	0.00113102631
322	0.001126426508
323	0.001122675772
324	0.001118124388
325	0.00111454136
326	0.001111925046
327	0.001110342092
328	0.001108489477
329	0.001106843988
330	0.001102833124
331	0.001100491768
332	0.001095902971
333	0.001094754581
334	0.001092158953
335	0.001090336454
336	0.001088479269
337	0.001086603318
338	0.001085536217
339	0.001081375331
340	0.001078602945
341	0.001077140047
342	0.001075298771
343	0.001072763646
344	0.001071580025
345	0.00107017377
346	0.001067036991
347	0.001065450324
348	0.001063376778
349	0.001062227401
350	0.001061144853
351	0.001059478484
352	0.001058452604
353	0.001055283914
354	0.001051341518
355	0.001050355787
356	0.001047439151
357	0.00104455497
358	0.001042436837
359	0.001040532617
360	0.001039024552
361	0.001036684943
362	0.001033720707
363	0.001031055923
364	0.001028771481
365	0.001026415418
366	0.001023305918
367	0.001020547386
368	0.001017900841
369	0.001014441139
370	0.001013114255
371	0.001011329785
372	0.001008191427
373	0.001004826474
374	0.001003191381
375	0.001002253691
376	0.001000025989
377	0.0009966188369
378	0.0009944207575
379	0.0009922651215
380	0.0009895025296
381	0.0009882696048
382	0.00098718984
383	0.0009851566104
384	0.000982941541
385	0.0009805816806
386	0.0009795227793
387	0.0009779823818
388	0.0009756033675
389	0.0009728800138
390	0.0009707529821
391	0.0009692827968
392	0.0009678472208
393	0.0009664994435
394	0.0009651142012
395	0.0009636766323
396	0.0009623934914
397	0.0009606776397
398	0.0009590908302
399	0.000958420366
400	0.000956917714
401	0.0009548526049
402	0.0009519236436
403	0.0009504834629
404	0.0009492822391
405	0.000947290429
406	0.0009460531895
407	0.0009446076115
408	0.0009433037874
409	0.0009424063465
410	0.0009413614712
411	0.0009404224252
412	0.0009385069824
413	0.0009366541223
414	0.000935357082
415	0.0009342995382
416	0.0009336418724
417	0.0009316327018
418	0.0009303772008
419	0.0009280527595
420	0.0009259022662
421	0.0009251914169
422	0.000922612151
423	0.0009210343035
424	0.000919291537
425	0.0009184329559
426	0.0009165760212
427	0.0009147568136
428	0.0009136880055
429	0.0009126253229
430	0.0009109130338
431	0.0009078740232
432	0.0009067879489
433	0.000905289178
434	0.0009036762821
435	0.0009028741485
436	0.0009017044573
437	0.0009002231208
438	0.0008990669222
439	0.0008981479281
440	0.000897231753
441	0.0008956755538
442	0.0008946594633
443	0.0008939490477
444	0.0008917338263
445	0.0008904351418
446	0.0008882141922
447	0.0008874100999
448	0.0008853783679
449	0.000884407737
450	0.0008828177401
451	0.0008817705672
452	0.0008803960411
453	0.0008790800569
454	0.0008778325275
455	0.000876332935
456	0.0008751724651
457	0.0008740382415
458	0.0008725969303
459	0.0008713348592
460	0.0008700895473
461	0.000869256036
462	0.0008676410853
463	0.0008662107472
464	0.0008649088706
465	0.0008632139771
466	0.0008616894703
467	0.0008603538281
468	0.0008587310491
469	0.0008576891041
470	0.00085565494
471	0.0008544097641
472	0.0008536131852
473	0.0008519475564
474	0.000851059563
475	0.0008499049787
476	0.0008490193406
477	0.0008483304144
478	0.0008474583803
479	0.0008461199667
480	0.0008448700428
481	0.0008435301266
482	0.000842995663
483	0.0008422390478
484	0.0008410701225
485	0.000839202589
486	0.0008381099704
487	0.0008368104553
488	0.0008357531827
489	0.0008350119427
490	0.0008336157979
491	0.0008326353044
492	0.0008316580464
493	0.0008310100923
494	0.0008302080204
495	0.0008293375971
496	0.0008285754613
497	0.0008270346248
498	0.0008258853142
499	0.0008243934138
500	0.0008235221768
501	0.0008218576407
502	0.000820457724
503	0.0008189600849
504	0.0008178844106
505	0.0008159955575
506	0.000815028827
507	0.0008136709287
508	0.0008130416349
509	0.0008118569577
510	0.0008106919033
511	0.0008098560334
512	0.0008092914417
513	0.0008086506201
514	0.0008079588549
515	0.000807025463
516	0.0008056724325
517	0.0008048300278
518	0.0008042409476
519	0.0008030241972
520	0.0008011678149
521	0.0008007679654
522	0.000800230963
523	0.0007997081387
524	0.0007979320656
525	0.0007972107592
526	0.0007963784196
527	0.0007956934546
528	0.0007942615926
529	0.0007939044434
530	0.0007929454024
531	0.0007916078745
532	0.0007896158928
533	0.0007883998458
534	0.0007877030462
535	0.0007874432693
536	0.0007864528564
537	0.000785769435
538	0.0007848474204
539	0.0007837471611
540	0.0007826328096
541	0.0007815266061
542	0.0007804790573
543	0.0007799380047
544	0.0007794881588
545	0.00077900925
546	0.0007782815763
547	0.000777130528
548	0.0007764350892
549	0.0007752741005
550	0.0007746827348
551	0.000773902387
552	0.0007733924875
553	0.0007727385521
554	0.0007716526427
555	0.000770543405
556	0.0007694297059
557	0.0007684180754
558	0.0007678328077
559	0.0007676524166
560	0.0007665387336
561	0.0007657115961
562	0.0007652046368
563	0.0007643533292
564	0.0007638623158
565	0.0007633546709
566	0.0007622946541
567	0.0007614876275
568	0.0007607038476
569	0.0007596400025
570	0.0007590358761
571	0.0007584059564
572	0.0007582408169
573	0.000757371581
574	0.0007565003737
575	0.0007560268414
576	0.0007553878678
577	0.0007548502692
578	0.0007535808091
579	0.0007526248296
580	0.0007520372909
581	0.0007508549344
582	0.0007505636416
583	0.0007501329295
584	0.0007495010363
585	0.000748465274
586	0.0007476784368
587	0.000746893566
588	0.0007463815391
589	0.0007457854129
590	0.0007452040274
591	0.0007445414853
592	0.0007437853438
593	0.0007429333231
594	0.0007424899553
595	0.0007417840246
596	0.0007413005454
597	0.0007408253147
598	0.0007405421286
599	0.0007397812412
600	0.0007390871088
601	0.0007384615108
602	0.0007380396806
603	0.0007371312803
604	0.0007365309013
605	0.0007358722099
606	0.0007352305224
607	0.0007343136728
608	0.0007338520029
609	0.0007334226688
610	0.0007327128578
611	0.0007319837762
612	0.0007317315604
613	0.0007314164429
614	0.0007310952583
615	0.0007302631179
616	0.0007295863221
617	0.0007292735741
618	0.0007285477076
619	0.0007273279324
620	0.000726921738
621	0.0007263072311
622	0.000725454543
623	0.0007247032576
624	0.0007243140298
625	0.00072359946
626	0.0007230306088
627	0.0007224336864
628	0.0007219993988
629	0.000720909168
630	0.0007200716705
631	0.0007194485424
632	0.0007188506978
633	0.0007182908523
634	0.0007173853905
635	0.0007169608846
636	0.0007164114857
637	0.0007156645035
638	0.0007148942653
639	0.0007144209468
640	0.0007138832781
641	0.0007131950656
642	0.0007127886754
643	0.0007123805745
644	0.0007116695709
645	0.0007113044867
646	0.0007108341299
647	0.0007106842935
648	0.000710292195
649	0.0007096855278
650	0.0007092378285
651	0.0007087401804
652	0.0007083169194
653	0.0007078877744
654	0.0007074975119
655	0.0007070140153
656	0.00070679289
657	0.000706367899
658	0.0007058043559
659	0.0007054789693
660	0.0007049450428
661	0.0007045005037
662	0.0007041004127
663	0.0007033054145
664	0.0007027758169
665	0.0007021038971
666	0.0007016610472
667	0.0007008301128
668	0.0007002017349
669	0.0006999426459
670	0.0006997430478
671	0.0006992222986
672	0.0006989746585
673	0.0006984948093
674	0.0006980047909
675	0.0006977943175
676	0.0006972517136
677	0.0006965710181
678	0.0006963631319
679	0.0006953292536
680	0.0006952088603
681	0.0006950275549
682	0.0006939975848
683	0.0006935743189
684	0.0006929209213
685	0.0006925892405
686	0.0006922278903
687	0.0006919707036
688	0.0006913001384
689	0.0006908822875
690	0.0006901702567
691	0.0006893935845
692	0.0006891692297
693	0.0006883718085
694	0.0006880789895
695	0.000687619598
696	0.0006870164433
697	0.0006864166771
698	0.0006861071957
699	0.0006853226462
700	0.0006847275495
701	0.0006841011718
702	0.0006836198813
703	0.0006830878611
704	0.0006824688363
705	0.0006819596919
706	0.0006818468084
707	0.0006815436657
708	0.0006809026723
709	0.0006808007827
710	0.0006803460278
711	0.0006798930055
712	0.0006794087884
713	0.0006792371045
714	0.0006787153467
715	0.0006781889409
716	0.0006774227158
717	0.0006769122193
718	0.0006767093314
719	0.0006761933332
720	0.0006759077521
721	0.0006754836484
722	0.0006750691561
723	0.0006749969363
724	0.000674552846
725	0.0006741838977
726	0.0006738874053
727	0.0006732833211
728	0.000672962179
729	0.0006725019955
730	0.000672034102
731	0.0006715917247
732	0.0006713024033
733	0.0006710576321
734	0.000670575213
735	0.0006704491627
736	0.0006698352376
737	0.0006694092875
738	0.0006691055723
739	0.0006687013545
740	0.0006679337225
741	0.0006670895443
742	0.0006665579125
743	0.0006663204976
744	0.0006658812828
745	0.0006653202776
746	0.0006651651312
747	0.0006647316629
748	0.0006645447349
749	0.0006639623312
750	0.0006634067039
751	0.0006630036749
752	0.0006628355362
753	0.0006622327604
754	0.0006618032165
755	0.0006610815712
756	0.0006607069959
757	0.0006599294826
758	0.0006592161815
759	0.0006590666003
760	0.0006585611327
761	0.0006582232983
762	0.0006580201051
763	0.0006574418902
764	0.0006569743975
765	0.0006567342393
766	0.0006563244136
767	0.0006560269908
768	0.0006554500649
769	0.0006549712859
770	0.0006546256307
771	0.0006542600639
772	0.0006538482053
773	0.0006534813377
774	0.0006531231346
775	0.0006528049007
776	0.0006526138686
777	0.0006521407476
778	0.000651456517
779	0.0006511561617
780	0.0006507286496
781	0.0006503984459
782	0.000650020753
783	0.0006496807089
784	0.0006492863269
785	0.0006486295152
786	0.0006481966416
787	0.0006477587476
788	0.000647393633
789	0.0006470753822
790	0.0006467993971
791	0.0006464550382
792	0.0006459194412
793	0.0006456250804
794	0.0006451684937
795	0.0006445172967
796	0.0006440454316
797	0.0006436963314
798	0.0006427420193
799	0.0006424533731
800	0.0006419305467
801	0.0006414597811
802	0.0006409814018
803	0.0006407973799
804	0.0006401869523
805	0.0006398256814
806	0.0006394435717
807	0.000639210843
808	0.0006387746635
809	0.0006382213383
810	0.000637616912
811	0.0006373463794
812	0.0006370353129
813	0.0006366981983
814	0.0006366149214
815	0.0006362228783
816	0.0006357699362
817	0.0006354705348
818	0.0006351771631
819	0.0006347084978
820	0.0006340648354
821	0.0006336711847
822	0.0006330067354
823	0.0006327654843
824	0.0006323521164
825	0.0006320982104
826	0.0006318300578
827	0.0006313867343
828	0.00063103382
829	0.0006307665627
830	0.0006305180129
831	0.0006303202538
832	0.0006301013867
833	0.0006296053754
834	0.0006289752265
835	0.0006283063436
836	0.0006280254094
837	0.0006276920382
838	0.0006272379356
839	0.0006268813135
840	0.0006266002467
841	0.0006262497853
842	0.0006261543248
843	0.0006258010942
844	0.0006255675796
845	0.0006252928669
846	0.0006248329002
847	0.0006243827478
848	0.0006241402276
849	0.0006237267064
850	0.000623317181
851	0.0006230781514
852	0.0006227335282
853	0.0006225138246
854	0.0006222686251
855	0.0006216509629
856	0.0006212891678
857	0.0006210512859
858	0.0006206191574
859	0.0006198526211
860	0.0006195026738
861	0.0006190575263
862	0.0006187615722
863	0.000618421604
864	0.0006180089405
865	0.0006177818081
866	0.0006176961805
867	0.0006173526969
868	0.0006169980246
869	0.0006167157729
870	0.0006161371835
871	0.0006160650255
872	0.0006157924354
873	0.0006153883118
874	0.0006151870332
875	0.0006146872234
876	0.0006142951546
877	0.0006135979918
878	0.0006133502297
879	0.0006130389678
880	0.0006126851106
881	0.0006122165224
882	0.0006117859756
883	0.0006115234202
884	0.0006110256866
885	0.0006101393954
886	0.000609760031
887	0.0006094789539
888	0.0006091374288
889	0.0006089455711
890	0.0006088889487
891	0.0006085782173
892	0.0006082042616
893	0.0006078630841
894	0.0006073967919
895	0.0006070485528
896	0.0006067143451
897	0.0006061892975
898	0.0006058710413
899	0.0006056895289
900	0.0006049769566
901	0.0006045075108
902	0.0006043911152
903	0.000604060152
904	0.0006037737909
905	0.0006035909482
906	0.0006031967707
907	0.0006030325622
908	0.0006027185794
909	0.0006022981234
910	0.0006020880335
911	0.0006017622976
912	0.0006014632786
913	0.0006008485118
914	0.0006004401787
915	0.0006002459187
916	0.0005999755109
917	0.0005995245459
918	0.0005991734663
919	0.0005988831727
920	0.0005985211196
921	0.0005980341045
922	0.0005977592273
923	0.0005970996871
924	0.0005969581171
925	0.0005967476276
926	0.0005964347102
927	0.0005961763807
928	0.0005959142189
929	0.000595656087
930	0.0005954662154
931	0.0005950844182
932	0.0005947404382
933	0.0005944555173
934	0.0005942330251
935	0.0005937742248
936	0.0005936802591
937	0.000593376549
938	0.0005930165181
939	0.0005928048487
940	0.0005924972949
941	0.0005921667367
942	0.0005919624385
943	0.0005915666305
944	0.0005912725254
945	0.0005909648186
946	0.0005906474842
947	0.0005898939381
948	0.0005894400886
949	0.0005892949773
950	0.0005891123964
951	0.0005886628883
952	0.0005883741109
953	0.0005881063395
954	0.0005875381636
955	0.0005870193832
956	0.0005868987985
957	0.0005865246475
958	0.0005860140833
959	0.0005857664076
960	0.0005853735682
961	0.0005848479845
962	0.0005845147383
963	0.0005841003817
964	0.0005836793248
965	0.00058329318
966	0.0005831110876
967	0.0005828358508
968	0.0005825082587
969	0.0005821193165
970	0.0005818126989
971	0.0005816228394
972	0.0005813009242
973	0.0005810231249
974	0.0005808719541
975	0.000580591808
976	0.0005803579311
977	0.0005802218257
978	0.0005797302874
979	0.0005795878439
980	0.0005791669749
981	0.0005787192852
982	0.0005785230176
983	0.0005784161364
984	0.0005779542062
985	0.0005777717084
986	0.000577559034
987	0.0005772982874
988	0.0005771124685
989	0.0005769361803
990	0.0005763888675
991	0.0005761613477
992	0.000575668728
993	0.0005753406015
994	0.0005751240958
995	0.0005746727527
996	0.0005744493827
997	0.0005740264698
998	0.0005738424512
999	0.0005735330106
